id,nombre,apellido,departamento,salario,fecha_contratacion,email,activo
1,Elena,Martínez,RRHH,29761,2017-08-20,elena.martínez1@empresa.com,True
2,María,Fernández,Logística,49873,2021-06-04,maría.fernández2@empresa.com,False
3,Elena,Fernández,RRHH,62033,2016-05-11,elena.fernández3@empresa.com,True
4,Luis,Pérez,IT,64492,2018-06-17,luis.pérez4@empresa.com,False
5,Ana,Fernández,RRHH,47430,2023-08-02,ana.fernández5@empresa.com,True
6,Juan,Martínez,Producción,43478,2020-08-29,juan.martínez6@empresa.com,False
7,Laura,Pérez,RRHH,39677,2017-09-22,laura.pérez7@empresa.com,True
8,Ana,Morales,Marketing,25181,2023-12-07,ana.morales8@empresa.com,False
9,Laura,Sánchez,RRHH,54653,2020-10-20,laura.sánchez9@empresa.com,True
10,Luis,Gómez,Producción,60947,2016-10-03,luis.gómez10@empresa.com,True
11,Ana,Gómez,Logística,40526,2018-01-25,ana.gómez11@empresa.com,False
12,Luis,Pérez,IT,42006,2021-09-27,luis.pérez12@empresa.com,True
13,Laura,Fernández,Finanzas,27738,2024-08-07,laura.fernández13@empresa.com,True
14,Sara,Pérez,Finanzas,24901,2016-01-21,sara.pérez14@empresa.com,True
15,Jorge,Díaz,Marketing,64705,2021-10-30,jorge.díaz15@empresa.com,False
16,Juan,García,IT,36350,2023-03-10,juan.garcía16@empresa.com,False
17,María,García,Ventas,28140,2016-06-18,maría.garcía17@empresa.com,True
18,Laura,Martínez,Finanzas,34694,2022-08-08,laura.martínez18@empresa.com,False
19,María,Gómez,RRHH,32968,2024-03-30,maría.gómez19@empresa.com,True
20,María,Gómez,Marketing,52123,2019-06-01,maría.gómez20@empresa.com,True
21,Carlos,Morales,Finanzas,52560,2019-07-22,carlos.morales21@empresa.com,False
22,Elena,Ruiz,Finanzas,47998,2017-12-30,elena.ruiz22@empresa.com,False
23,Laura,Fernández,Ventas,44486,2021-06-16,laura.fernández23@empresa.com,True
24,Pablo,López,Producción,33632,2021-01-09,pablo.lópez24@empresa.com,True
25,Sara,Martínez,IT,59356,2017-05-17,sara.martínez25@empresa.com,False
26,Juan,Sánchez,Finanzas,31984,2023-10-30,juan.sánchez26@empresa.com,True
27,Juan,García,Ventas,39180,2021-06-08,juan.garcía27@empresa.com,False
28,Ana,Ruiz,Finanzas,25936,2019-06-20,ana.ruiz28@empresa.com,True
29,Jorge,García,Ventas,42154,2017-02-25,jorge.garcía29@empresa.com,True
30,María,Pérez,Logística,27637,2018-03-30,maría.pérez30@empresa.com,False
31,Jorge,Morales,Finanzas,41238,2024-01-10,jorge.morales31@empresa.com,False
32,Pablo,Sánchez,Finanzas,34047,2025-10-14,pablo.sánchez32@empresa.com,True
33,Laura,López,Marketing,42057,2016-11-06,laura.lópez33@empresa.com,True
34,Ana,López,RRHH,51306,2018-06-01,ana.lópez34@empresa.com,False
35,Juan,Díaz,Finanzas,47320,2017-11-23,juan.díaz35@empresa.com,True
36,María,Ruiz,Logística,55856,2019-03-07,maría.ruiz36@empresa.com,False
37,Ana,García,Finanzas,33600,2016-05-18,ana.garcía37@empresa.com,True
38,Juan,Díaz,Ventas,60620,2020-05-03,juan.díaz38@empresa.com,True
39,Ana,Pérez,RRHH,38590,2019-11-12,ana.pérez39@empresa.com,False
40,Luis,López,Ventas,42622,2022-02-09,luis.lópez40@empresa.com,False
41,Elena,Martínez,Producción,28763,2019-10-30,elena.martínez41@empresa.com,True
42,Luis,Gómez,Ventas,52721,2025-06-03,luis.gómez42@empresa.com,False
43,Jorge,Ruiz,IT,38209,2019-12-08,jorge.ruiz43@empresa.com,True
44,Juan,García,Finanzas,55757,2016-04-15,juan.garcía44@empresa.com,True
45,Juan,Ruiz,Finanzas,30546,2019-01-15,juan.ruiz45@empresa.com,True
46,Luis,García,Finanzas,54555,2020-01-23,luis.garcía46@empresa.com,False
47,Elena,Sánchez,RRHH,49157,2022-05-27,elena.sánchez47@empresa.com,True
48,Elena,Fernández,Finanzas,64673,2019-10-16,elena.fernández48@empresa.com,False
49,Pablo,Martínez,Logística,44543,2016-05-07,pablo.martínez49@empresa.com,True
50,Jorge,López,Logística,28561,2021-06-18,jorge.lópez50@empresa.com,True
51,Ana,Gómez,RRHH,36284,2022-01-05,ana.gómez51@empresa.com,True
52,Sara,García,Ventas,52800,2016-02-25,sara.garcía52@empresa.com,False
53,Elena,García,Marketing,39259,2019-08-23,elena.garcía53@empresa.com,True
54,Jorge,García,Marketing,45879,2022-07-18,jorge.garcía54@empresa.com,False
55,Luis,Ruiz,IT,25266,2018-10-10,luis.ruiz55@empresa.com,False
56,Juan,Morales,Ventas,18242,2021-12-05,juan.morales56@empresa.com,False
57,Carlos,Díaz,RRHH,59325,2018-12-07,carlos.díaz57@empresa.com,True
58,María,López,Marketing,43707,2019-10-11,maría.lópez58@empresa.com,False
59,Juan,Ruiz,IT,35996,2025-10-23,juan.ruiz59@empresa.com,False
60,Laura,López,Ventas,22970,2024-08-20,laura.lópez60@empresa.com,True
61,Laura,Ruiz,Marketing,19152,2023-08-02,laura.ruiz61@empresa.com,True
62,Laura,Ruiz,Finanzas,30385,2020-12-10,laura.ruiz62@empresa.com,False
63,Sara,Morales,Ventas,30753,2021-06-27,sara.morales63@empresa.com,False
64,Juan,Ruiz,IT,55580,2021-10-03,juan.ruiz64@empresa.com,False
65,Laura,Díaz,Ventas,31966,2021-03-27,laura.díaz65@empresa.com,True
66,María,Sánchez,IT,29297,2020-05-06,maría.sánchez66@empresa.com,False
67,Pablo,Fernández,Marketing,43233,2023-11-29,pablo.fernández67@empresa.com,True
68,María,Ruiz,Logística,64025,2023-04-20,maría.ruiz68@empresa.com,True
69,María,Pérez,IT,32720,2023-09-11,maría.pérez69@empresa.com,True
70,Carlos,Martínez,Logística,58172,2017-12-28,carlos.martínez70@empresa.com,False
71,Sara,Gómez,Producción,59362,2018-12-28,sara.gómez71@empresa.com,True
72,María,Morales,Logística,63656,2019-09-14,maría.morales72@empresa.com,False
73,Elena,Gómez,IT,36584,2018-11-18,elena.gómez73@empresa.com,False
74,Pablo,Morales,Marketing,33430,2018-08-15,pablo.morales74@empresa.com,False
75,Jorge,Fernández,Marketing,18323,2020-06-12,jorge.fernández75@empresa.com,True
76,Jorge,García,Marketing,36019,2022-11-16,jorge.garcía76@empresa.com,True
77,Jorge,Morales,Marketing,18376,2016-08-20,jorge.morales77@empresa.com,False
78,Laura,Gómez,Finanzas,18534,2015-12-27,laura.gómez78@empresa.com,True
79,Luis,Morales,Producción,61147,2024-07-01,luis.morales79@empresa.com,True
80,Elena,Ruiz,Marketing,32972,2016-01-17,elena.ruiz80@empresa.com,False
81,Pablo,Martínez,RRHH,18053,2018-10-25,pablo.martínez81@empresa.com,False
82,María,Martínez,RRHH,19478,2016-09-30,maría.martínez82@empresa.com,True
83,Juan,López,Producción,55661,2024-08-17,juan.lópez83@empresa.com,True
84,Elena,Morales,IT,53578,2021-07-07,elena.morales84@empresa.com,False
85,Sara,Sánchez,Marketing,48789,2023-09-08,sara.sánchez85@empresa.com,False
86,Jorge,Díaz,Logística,35336,2020-04-01,jorge.díaz86@empresa.com,False
87,Jorge,Sánchez,RRHH,49212,2023-04-19,jorge.sánchez87@empresa.com,False
88,Pablo,Pérez,RRHH,34115,2020-05-15,pablo.pérez88@empresa.com,False
89,Jorge,Morales,Logística,32162,2016-10-01,jorge.morales89@empresa.com,False
90,Sara,Gómez,Producción,42875,2018-05-08,sara.gómez90@empresa.com,False
91,Carlos,García,Ventas,39397,2019-09-21,carlos.garcía91@empresa.com,False
92,Elena,Gómez,Logística,57413,2020-01-20,elena.gómez92@empresa.com,False
93,Jorge,Fernández,RRHH,57245,2018-01-14,jorge.fernández93@empresa.com,True
94,María,López,Producción,35365,2025-05-14,maría.lópez94@empresa.com,True
95,Laura,García,Logística,37343,2017-10-04,laura.garcía95@empresa.com,False
96,Elena,Gómez,Marketing,29730,2023-04-01,elena.gómez96@empresa.com,False
97,Ana,Sánchez,RRHH,46320,2016-06-13,ana.sánchez97@empresa.com,True
98,Jorge,Díaz,IT,28805,2020-09-23,jorge.díaz98@empresa.com,False
99,Elena,Martínez,IT,64133,2024-02-16,elena.martínez99@empresa.com,True
100,Laura,Morales,Finanzas,51798,2017-04-08,laura.morales100@empresa.com,True
101,Sara,Sánchez,RRHH,39013,2019-11-23,sara.sánchez101@empresa.com,False
102,Juan,Fernández,Logística,51604,2017-02-09,juan.fernández102@empresa.com,True
103,Ana,Fernández,Marketing,53805,2019-12-21,ana.fernández103@empresa.com,False
104,María,Ruiz,RRHH,31711,2020-02-05,maría.ruiz104@empresa.com,True
105,Sara,Ruiz,IT,31288,2018-07-20,sara.ruiz105@empresa.com,True
106,Luis,Fernández,Ventas,58643,2017-11-27,luis.fernández106@empresa.com,True
107,Pablo,Martínez,Logística,38361,2020-03-21,pablo.martínez107@empresa.com,True
108,Pablo,Sánchez,RRHH,23809,2017-12-27,pablo.sánchez108@empresa.com,False
109,María,Gómez,Ventas,54148,2022-08-31,maría.gómez109@empresa.com,False
110,María,Gómez,IT,56845,2017-08-10,maría.gómez110@empresa.com,True
111,Elena,Morales,Producción,35200,2019-03-01,elena.morales111@empresa.com,True
112,Jorge,Martínez,Finanzas,64912,2024-11-13,jorge.martínez112@empresa.com,False
113,Juan,Ruiz,IT,32580,2019-05-11,juan.ruiz113@empresa.com,False
114,María,García,IT,64790,2025-09-27,maría.garcía114@empresa.com,False
115,Carlos,Pérez,Marketing,58314,2020-02-25,carlos.pérez115@empresa.com,False
116,Carlos,Ruiz,IT,50274,2020-07-27,carlos.ruiz116@empresa.com,True
117,Ana,Ruiz,Logística,62197,2020-03-26,ana.ruiz117@empresa.com,False
118,Juan,Morales,Finanzas,48371,2019-03-30,juan.morales118@empresa.com,True
119,Carlos,Martínez,Finanzas,63725,2019-05-26,carlos.martínez119@empresa.com,True
120,Sara,Sánchez,RRHH,41448,2015-12-16,sara.sánchez120@empresa.com,False
121,Luis,Gómez,IT,32367,2022-03-17,luis.gómez121@empresa.com,False
122,Ana,Ruiz,RRHH,61205,2016-10-04,ana.ruiz122@empresa.com,False
123,Carlos,Díaz,Logística,51221,2020-09-30,carlos.díaz123@empresa.com,True
124,Juan,López,Finanzas,52947,2017-02-08,juan.lópez124@empresa.com,False
125,Elena,Ruiz,Finanzas,59441,2024-10-01,elena.ruiz125@empresa.com,False
126,Pablo,López,IT,62170,2017-10-06,pablo.lópez126@empresa.com,False
127,Pablo,Ruiz,Producción,42302,2023-12-11,pablo.ruiz127@empresa.com,False
128,Sara,Ruiz,Logística,48641,2017-03-31,sara.ruiz128@empresa.com,True
129,Laura,Morales,Finanzas,28455,2023-11-05,laura.morales129@empresa.com,False
130,Pablo,López,Logística,22347,2019-07-29,pablo.lópez130@empresa.com,False
131,Elena,Pérez,Producción,60018,2025-01-07,elena.pérez131@empresa.com,True
132,María,Morales,RRHH,19778,2018-09-13,maría.morales132@empresa.com,True
133,María,Pérez,Marketing,32536,2025-02-15,maría.pérez133@empresa.com,False
134,Jorge,Morales,Finanzas,58033,2025-07-16,jorge.morales134@empresa.com,True
135,Pablo,García,Marketing,35958,2018-06-09,pablo.garcía135@empresa.com,False
136,Jorge,Morales,Logística,34095,2021-07-29,jorge.morales136@empresa.com,False
137,Luis,Fernández,RRHH,44728,2017-04-15,luis.fernández137@empresa.com,False
138,María,Díaz,Ventas,30383,2023-10-07,maría.díaz138@empresa.com,False
139,Carlos,Pérez,RRHH,51211,2023-04-07,carlos.pérez139@empresa.com,True
140,Sara,Ruiz,Producción,52255,2017-06-07,sara.ruiz140@empresa.com,False
141,Sara,Fernández,RRHH,29050,2020-04-24,sara.fernández141@empresa.com,True
142,Sara,Ruiz,Logística,30426,2019-12-22,sara.ruiz142@empresa.com,True
143,Luis,Pérez,Finanzas,41145,2021-11-07,luis.pérez143@empresa.com,True
144,María,Fernández,Finanzas,45923,2017-01-06,maría.fernández144@empresa.com,True
145,María,Martínez,IT,31307,2018-12-16,maría.martínez145@empresa.com,False
146,Jorge,Ruiz,Finanzas,41666,2021-05-11,jorge.ruiz146@empresa.com,True
147,Juan,Gómez,IT,39350,2018-09-20,juan.gómez147@empresa.com,False
148,Juan,Fernández,RRHH,20778,2021-10-04,juan.fernández148@empresa.com,True
149,Sara,Fernández,Marketing,38585,2018-05-28,sara.fernández149@empresa.com,False
150,Elena,Pérez,Finanzas,48175,2023-09-14,elena.pérez150@empresa.com,False
151,Ana,Martínez,Logística,26109,2018-02-11,ana.martínez151@empresa.com,False
152,Pablo,Gómez,RRHH,24421,2023-08-26,pablo.gómez152@empresa.com,True
153,Jorge,Díaz,Producción,60897,2021-02-23,jorge.díaz153@empresa.com,False
154,Ana,Pérez,Finanzas,38009,2019-01-29,ana.pérez154@empresa.com,False
155,Jorge,Gómez,IT,29038,2018-02-04,jorge.gómez155@empresa.com,True
156,Ana,Pérez,Ventas,34045,2018-03-17,ana.pérez156@empresa.com,True
157,Elena,Pérez,Finanzas,53269,2020-02-19,elena.pérez157@empresa.com,False
158,Luis,López,Producción,49379,2021-08-01,luis.lópez158@empresa.com,False
159,Jorge,Sánchez,RRHH,37488,2022-12-27,jorge.sánchez159@empresa.com,True
160,Pablo,Martínez,Logística,23873,2017-01-08,pablo.martínez160@empresa.com,True
161,Pablo,Ruiz,Ventas,57254,2018-01-03,pablo.ruiz161@empresa.com,False
162,Elena,Morales,Ventas,52522,2017-06-06,elena.morales162@empresa.com,True
163,Jorge,Pérez,Ventas,25214,2023-05-17,jorge.pérez163@empresa.com,True
164,Laura,Martínez,Ventas,28559,2025-03-16,laura.martínez164@empresa.com,False
165,Juan,Ruiz,Marketing,54956,2020-09-18,juan.ruiz165@empresa.com,False
166,Jorge,López,Marketing,54403,2025-12-06,jorge.lópez166@empresa.com,False
167,María,Martínez,Producción,34419,2024-08-13,maría.martínez167@empresa.com,False
168,Jorge,Díaz,Logística,52559,2021-05-20,jorge.díaz168@empresa.com,True
169,Pablo,Morales,Producción,47159,2019-11-16,pablo.morales169@empresa.com,False
170,Elena,García,Ventas,19527,2017-03-05,elena.garcía170@empresa.com,False
171,Elena,Martínez,Ventas,37760,2022-10-23,elena.martínez171@empresa.com,False
172,Ana,Morales,Ventas,62820,2023-05-01,ana.morales172@empresa.com,False
173,Luis,Díaz,Finanzas,36910,2022-05-23,luis.díaz173@empresa.com,False
174,Juan,García,IT,44435,2023-06-23,juan.garcía174@empresa.com,False
175,Ana,Sánchez,Producción,63040,2021-09-04,ana.sánchez175@empresa.com,True
176,Juan,Ruiz,Logística,38990,2020-05-18,juan.ruiz176@empresa.com,False
177,Pablo,Díaz,RRHH,49235,2023-08-06,pablo.díaz177@empresa.com,False
178,Luis,Pérez,RRHH,43438,2020-09-12,luis.pérez178@empresa.com,True
179,Pablo,López,Logística,46432,2019-02-01,pablo.lópez179@empresa.com,True
180,Pablo,López,Ventas,63564,2020-02-21,pablo.lópez180@empresa.com,False
181,Jorge,Pérez,Producción,25215,2019-02-27,jorge.pérez181@empresa.com,True
182,Ana,López,Producción,41861,2017-10-06,ana.lópez182@empresa.com,False
183,Pablo,Martínez,Producción,54670,2021-02-25,pablo.martínez183@empresa.com,False
184,Elena,Ruiz,Logística,29349,2023-03-04,elena.ruiz184@empresa.com,True
185,María,Gómez,IT,24883,2023-01-05,maría.gómez185@empresa.com,True
186,Luis,Martínez,Marketing,64268,2021-09-25,luis.martínez186@empresa.com,False
187,Carlos,Gómez,Producción,24820,2021-08-17,carlos.gómez187@empresa.com,True
188,Ana,Martínez,Producción,51471,2025-07-21,ana.martínez188@empresa.com,True
189,Jorge,Morales,Logística,27176,2016-07-30,jorge.morales189@empresa.com,True
190,María,Díaz,RRHH,34608,2025-01-07,maría.díaz190@empresa.com,False
191,Pablo,Ruiz,RRHH,25086,2017-07-15,pablo.ruiz191@empresa.com,False
192,Elena,Morales,Marketing,63617,2024-11-09,elena.morales192@empresa.com,False
193,Laura,Martínez,IT,57483,2019-10-21,laura.martínez193@empresa.com,True
194,Pablo,Díaz,Ventas,20652,2024-09-22,pablo.díaz194@empresa.com,True
195,Laura,Díaz,Logística,40481,2020-09-19,laura.díaz195@empresa.com,False
196,María,Díaz,IT,42638,2023-07-10,maría.díaz196@empresa.com,True
197,Ana,Morales,Finanzas,33099,2017-07-26,ana.morales197@empresa.com,True
198,Luis,Martínez,Marketing,52752,2021-05-18,luis.martínez198@empresa.com,True
199,María,Morales,Marketing,38011,2015-12-15,maría.morales199@empresa.com,True
200,Pablo,López,Finanzas,42883,2021-07-15,pablo.lópez200@empresa.com,True
201,Ana,Gómez,IT,51792,2018-07-16,ana.gómez201@empresa.com,False
202,Elena,Martínez,Producción,57791,2020-06-22,elena.martínez202@empresa.com,False
203,Laura,García,Logística,44841,2018-10-11,laura.garcía203@empresa.com,True
204,Jorge,López,Producción,25917,2023-08-18,jorge.lópez204@empresa.com,False
205,María,Morales,RRHH,45063,2017-12-23,maría.morales205@empresa.com,False
206,Sara,Sánchez,RRHH,26612,2018-01-14,sara.sánchez206@empresa.com,True
207,Pablo,Sánchez,Finanzas,62846,2018-11-21,pablo.sánchez207@empresa.com,True
208,Pablo,García,Finanzas,23125,2021-01-24,pablo.garcía208@empresa.com,False
209,María,Martínez,Logística,57081,2021-08-12,maría.martínez209@empresa.com,False
210,Laura,Pérez,RRHH,44641,2024-01-26,laura.pérez210@empresa.com,True
211,Pablo,Martínez,RRHH,26467,2020-03-23,pablo.martínez211@empresa.com,False
212,Pablo,López,RRHH,62658,2025-04-23,pablo.lópez212@empresa.com,False
213,María,Morales,Producción,34578,2021-11-16,maría.morales213@empresa.com,True
214,Jorge,Gómez,Logística,28644,2024-07-15,jorge.gómez214@empresa.com,False
215,Elena,Sánchez,Ventas,59466,2020-03-05,elena.sánchez215@empresa.com,False
216,María,Gómez,RRHH,28595,2017-11-25,maría.gómez216@empresa.com,True
217,Sara,Ruiz,Logística,22981,2017-12-26,sara.ruiz217@empresa.com,True
218,Laura,Ruiz,Ventas,37169,2018-07-10,laura.ruiz218@empresa.com,True
219,Laura,López,RRHH,57571,2020-01-06,laura.lópez219@empresa.com,True
220,Laura,Fernández,Logística,25966,2017-08-10,laura.fernández220@empresa.com,True
221,Jorge,García,Ventas,45674,2021-07-31,jorge.garcía221@empresa.com,True
222,Jorge,García,Ventas,40602,2020-11-04,jorge.garcía222@empresa.com,False
223,Elena,López,Logística,24323,2022-10-17,elena.lópez223@empresa.com,True
224,María,Fernández,Logística,36891,2016-10-27,maría.fernández224@empresa.com,False
225,Luis,Morales,Marketing,46209,2023-11-08,luis.morales225@empresa.com,False
226,Carlos,Gómez,Logística,43023,2017-08-16,carlos.gómez226@empresa.com,True
227,Luis,Morales,Finanzas,46949,2020-03-26,luis.morales227@empresa.com,True
228,María,Morales,Marketing,30679,2016-09-05,maría.morales228@empresa.com,True
229,Pablo,Morales,Producción,32529,2016-02-06,pablo.morales229@empresa.com,False
230,Laura,Díaz,Finanzas,41857,2025-11-17,laura.díaz230@empresa.com,False
231,Juan,García,IT,59790,2015-12-22,juan.garcía231@empresa.com,True
232,Jorge,Sánchez,Producción,49493,2018-03-27,jorge.sánchez232@empresa.com,True
233,Luis,Díaz,Finanzas,38740,2016-06-07,luis.díaz233@empresa.com,True
234,Carlos,Ruiz,Logística,48375,2019-09-23,carlos.ruiz234@empresa.com,True
235,Sara,Pérez,Marketing,38357,2020-09-23,sara.pérez235@empresa.com,False
236,Ana,Martínez,Finanzas,47774,2025-10-16,ana.martínez236@empresa.com,False
237,Ana,Pérez,Finanzas,50634,2023-12-13,ana.pérez237@empresa.com,True
238,Ana,López,Marketing,22344,2017-08-25,ana.lópez238@empresa.com,True
239,María,Morales,Logística,25373,2022-07-22,maría.morales239@empresa.com,True
240,Sara,Morales,Finanzas,31374,2020-08-13,sara.morales240@empresa.com,False
241,Carlos,Martínez,RRHH,62674,2021-02-05,carlos.martínez241@empresa.com,False
242,Sara,Sánchez,Producción,27676,2025-05-26,sara.sánchez242@empresa.com,False
243,Ana,García,RRHH,21178,2021-11-03,ana.garcía243@empresa.com,False
244,Laura,Morales,Finanzas,53761,2019-09-29,laura.morales244@empresa.com,False
245,Pablo,Díaz,Marketing,28369,2022-04-26,pablo.díaz245@empresa.com,True
246,Luis,López,Producción,20235,2017-01-08,luis.lópez246@empresa.com,False
247,Sara,Ruiz,Finanzas,42170,2020-10-30,sara.ruiz247@empresa.com,False
248,Luis,Gómez,IT,47662,2021-01-29,luis.gómez248@empresa.com,False
249,Sara,Morales,IT,36402,2019-12-12,sara.morales249@empresa.com,True
250,María,Ruiz,Ventas,18855,2023-10-29,maría.ruiz250@empresa.com,True
251,Laura,López,Logística,40994,2020-02-02,laura.lópez251@empresa.com,False
252,Luis,Martínez,Producción,46283,2019-09-20,luis.martínez252@empresa.com,True
253,Luis,López,RRHH,19004,2020-11-09,luis.lópez253@empresa.com,True
254,Ana,Fernández,IT,22370,2018-09-29,ana.fernández254@empresa.com,False
255,Laura,Gómez,Finanzas,53132,2016-10-15,laura.gómez255@empresa.com,False
256,Carlos,Martínez,Logística,35160,2019-06-09,carlos.martínez256@empresa.com,False
257,Pablo,Morales,Ventas,30275,2022-08-09,pablo.morales257@empresa.com,False
258,Carlos,Ruiz,Marketing,56476,2025-07-14,carlos.ruiz258@empresa.com,True
259,Juan,Martínez,Ventas,24008,2019-07-20,juan.martínez259@empresa.com,False
260,Ana,López,Ventas,32349,2019-01-06,ana.lópez260@empresa.com,False
261,Elena,López,Marketing,33595,2025-08-09,elena.lópez261@empresa.com,False
262,Elena,Morales,Producción,26809,2024-02-20,elena.morales262@empresa.com,False
263,Ana,García,RRHH,23480,2025-03-03,ana.garcía263@empresa.com,True
264,Ana,Ruiz,RRHH,64339,2016-09-21,ana.ruiz264@empresa.com,True
265,Pablo,Gómez,Producción,28627,2022-08-29,pablo.gómez265@empresa.com,False
266,Ana,García,Finanzas,35638,2024-10-07,ana.garcía266@empresa.com,True
267,Luis,Gómez,Producción,23458,2017-03-28,luis.gómez267@empresa.com,True
268,Sara,Martínez,Finanzas,44585,2016-06-16,sara.martínez268@empresa.com,False
269,María,Fernández,Producción,20794,2019-06-13,maría.fernández269@empresa.com,False
270,Sara,López,Logística,21852,2019-10-21,sara.lópez270@empresa.com,True
271,Sara,Ruiz,IT,33051,2022-08-22,sara.ruiz271@empresa.com,False
272,Elena,García,Finanzas,54876,2019-07-24,elena.garcía272@empresa.com,True
273,María,Gómez,Marketing,36851,2023-10-20,maría.gómez273@empresa.com,True
274,Juan,Pérez,Ventas,22918,2022-08-26,juan.pérez274@empresa.com,True
275,Carlos,Martínez,Finanzas,63960,2025-05-20,carlos.martínez275@empresa.com,True
276,Laura,Morales,Marketing,22761,2017-05-26,laura.morales276@empresa.com,False
277,Carlos,Díaz,Producción,30962,2016-12-03,carlos.díaz277@empresa.com,True
278,Jorge,Gómez,Ventas,44930,2017-06-23,jorge.gómez278@empresa.com,False
279,María,Sánchez,Ventas,61124,2016-08-16,maría.sánchez279@empresa.com,False
280,Laura,Pérez,Logística,31822,2018-12-13,laura.pérez280@empresa.com,True
281,María,Pérez,Marketing,20027,2020-09-18,maría.pérez281@empresa.com,True
282,Ana,Pérez,Producción,51235,2016-08-29,ana.pérez282@empresa.com,True
283,Carlos,Pérez,Producción,53416,2019-03-10,carlos.pérez283@empresa.com,False
284,Laura,Pérez,RRHH,47384,2018-10-28,laura.pérez284@empresa.com,True
285,Carlos,Pérez,Marketing,62300,2025-03-16,carlos.pérez285@empresa.com,False
286,Jorge,Morales,RRHH,40767,2018-03-25,jorge.morales286@empresa.com,True
287,Jorge,López,RRHH,33335,2018-08-01,jorge.lópez287@empresa.com,False
288,Luis,Díaz,Marketing,24349,2019-01-16,luis.díaz288@empresa.com,True
289,Carlos,Martínez,Marketing,57206,2019-02-17,carlos.martínez289@empresa.com,True
290,Laura,Gómez,Logística,20788,2018-08-15,laura.gómez290@empresa.com,True
291,Jorge,Sánchez,IT,56939,2022-08-28,jorge.sánchez291@empresa.com,False
292,Laura,López,Producción,45651,2023-04-20,laura.lópez292@empresa.com,False
293,Juan,Pérez,Marketing,60075,2020-11-08,juan.pérez293@empresa.com,True
294,Jorge,López,Producción,30819,2023-03-18,jorge.lópez294@empresa.com,True
295,María,Fernández,IT,31430,2025-08-04,maría.fernández295@empresa.com,False
296,Luis,Pérez,RRHH,57162,2020-02-01,luis.pérez296@empresa.com,True
297,Elena,Fernández,Finanzas,55210,2018-09-10,elena.fernández297@empresa.com,False
298,Juan,Fernández,Producción,34435,2021-11-29,juan.fernández298@empresa.com,True
299,Luis,Martínez,Ventas,45855,2016-10-28,luis.martínez299@empresa.com,False
300,Sara,Díaz,RRHH,20921,2023-01-07,sara.díaz300@empresa.com,False
301,Jorge,Morales,IT,29487,2023-07-16,jorge.morales301@empresa.com,False
302,Laura,Sánchez,IT,62667,2017-06-28,laura.sánchez302@empresa.com,False
303,Elena,Ruiz,Logística,36623,2016-12-23,elena.ruiz303@empresa.com,False
304,Sara,Ruiz,Logística,29908,2025-06-10,sara.ruiz304@empresa.com,False
305,Pablo,López,Producción,28376,2017-02-22,pablo.lópez305@empresa.com,False
306,Luis,Fernández,RRHH,50090,2020-08-04,luis.fernández306@empresa.com,True
307,Sara,López,Marketing,52865,2022-08-15,sara.lópez307@empresa.com,False
308,Carlos,Pérez,Ventas,49360,2017-11-22,carlos.pérez308@empresa.com,False
309,Elena,Gómez,Logística,48018,2020-07-10,elena.gómez309@empresa.com,True
310,Ana,Ruiz,Finanzas,47722,2015-12-17,ana.ruiz310@empresa.com,True
311,Jorge,Sánchez,Marketing,42227,2022-01-08,jorge.sánchez311@empresa.com,False
312,Sara,Ruiz,Marketing,45443,2017-04-07,sara.ruiz312@empresa.com,True
313,Ana,García,IT,24260,2023-03-29,ana.garcía313@empresa.com,False
314,Juan,García,IT,49593,2020-07-05,juan.garcía314@empresa.com,True
315,Laura,Morales,RRHH,49062,2024-08-06,laura.morales315@empresa.com,True
316,Laura,Ruiz,Finanzas,50850,2024-10-06,laura.ruiz316@empresa.com,False
317,Laura,Fernández,Logística,46540,2019-01-02,laura.fernández317@empresa.com,True
318,Carlos,Morales,Marketing,19321,2022-10-28,carlos.morales318@empresa.com,True
319,Juan,Ruiz,Marketing,47098,2019-10-17,juan.ruiz319@empresa.com,False
320,Juan,Ruiz,Ventas,55119,2017-03-09,juan.ruiz320@empresa.com,False
321,Juan,Morales,RRHH,63869,2025-02-05,juan.morales321@empresa.com,False
322,Juan,Morales,Marketing,33375,2016-07-15,juan.morales322@empresa.com,False
323,Laura,Díaz,Producción,47117,2023-03-05,laura.díaz323@empresa.com,False
324,Elena,López,RRHH,57858,2021-01-11,elena.lópez324@empresa.com,False
325,María,Fernández,IT,53980,2021-12-21,maría.fernández325@empresa.com,False
326,Pablo,Pérez,Logística,34674,2025-03-12,pablo.pérez326@empresa.com,True
327,Pablo,Martínez,Logística,37028,2017-01-16,pablo.martínez327@empresa.com,True
328,Pablo,Gómez,Logística,19328,2024-06-06,pablo.gómez328@empresa.com,True
329,Luis,Díaz,Finanzas,26551,2020-04-08,luis.díaz329@empresa.com,True
330,Sara,Martínez,Ventas,39422,2024-07-20,sara.martínez330@empresa.com,True
331,Sara,Sánchez,RRHH,34506,2016-05-25,sara.sánchez331@empresa.com,True
332,Elena,López,Finanzas,34806,2020-08-20,elena.lópez332@empresa.com,True
333,Ana,Díaz,Ventas,22611,2023-05-25,ana.díaz333@empresa.com,True
334,Pablo,Pérez,RRHH,20137,2018-09-04,pablo.pérez334@empresa.com,True
335,Carlos,Pérez,Producción,50442,2024-06-12,carlos.pérez335@empresa.com,True
336,Laura,Pérez,IT,62331,2025-01-29,laura.pérez336@empresa.com,False
337,Laura,Gómez,Logística,23165,2020-10-14,laura.gómez337@empresa.com,False
338,María,Martínez,RRHH,26677,2020-01-02,maría.martínez338@empresa.com,True
339,Luis,Gómez,Marketing,22056,2024-09-29,luis.gómez339@empresa.com,False
340,Juan,Fernández,IT,29371,2022-11-01,juan.fernández340@empresa.com,False
341,Juan,Fernández,Ventas,19724,2022-08-19,juan.fernández341@empresa.com,True
342,Sara,Ruiz,Producción,42828,2020-03-11,sara.ruiz342@empresa.com,False
343,Carlos,García,Marketing,51508,2019-06-21,carlos.garcía343@empresa.com,True
344,Sara,García,RRHH,40256,2018-10-03,sara.garcía344@empresa.com,True
345,Carlos,López,Producción,56982,2020-07-19,carlos.lópez345@empresa.com,True
346,Elena,Gómez,IT,28479,2019-03-06,elena.gómez346@empresa.com,False
347,Ana,Sánchez,RRHH,32671,2017-01-04,ana.sánchez347@empresa.com,True
348,Elena,Sánchez,Finanzas,32497,2022-09-26,elena.sánchez348@empresa.com,False
349,Laura,Gómez,Logística,19575,2023-10-08,laura.gómez349@empresa.com,False
350,Luis,García,Finanzas,48868,2019-10-20,luis.garcía350@empresa.com,False
351,Jorge,Sánchez,Producción,40116,2020-04-21,jorge.sánchez351@empresa.com,True
352,Juan,Sánchez,Ventas,53234,2022-09-17,juan.sánchez352@empresa.com,True
353,Pablo,Sánchez,Producción,43608,2020-06-26,pablo.sánchez353@empresa.com,False
354,Elena,Martínez,Producción,48131,2020-09-19,elena.martínez354@empresa.com,False
355,Ana,Ruiz,Ventas,44838,2019-03-12,ana.ruiz355@empresa.com,True
356,Juan,Martínez,Finanzas,28744,2021-05-24,juan.martínez356@empresa.com,False
357,Jorge,Ruiz,Logística,42996,2022-12-10,jorge.ruiz357@empresa.com,True
358,Pablo,Ruiz,IT,41151,2024-02-25,pablo.ruiz358@empresa.com,False
359,Ana,Morales,RRHH,39703,2016-07-17,ana.morales359@empresa.com,True
360,Elena,García,Marketing,46714,2017-11-27,elena.garcía360@empresa.com,True
361,Jorge,Díaz,Marketing,28440,2019-06-11,jorge.díaz361@empresa.com,True
362,Elena,Fernández,Producción,41178,2021-01-04,elena.fernández362@empresa.com,False
363,Ana,Sánchez,Logística,34867,2016-02-06,ana.sánchez363@empresa.com,True
364,Carlos,Ruiz,Marketing,36713,2025-07-27,carlos.ruiz364@empresa.com,True
365,Pablo,García,Logística,59708,2020-08-02,pablo.garcía365@empresa.com,False
366,Ana,Morales,Producción,28681,2024-04-07,ana.morales366@empresa.com,False
367,Jorge,Martínez,Marketing,50713,2021-09-01,jorge.martínez367@empresa.com,False
368,María,López,Marketing,58038,2016-04-20,maría.lópez368@empresa.com,True
369,Pablo,Sánchez,Producción,27039,2022-06-09,pablo.sánchez369@empresa.com,False
370,Luis,Morales,IT,25324,2018-07-12,luis.morales370@empresa.com,False
371,Elena,Gómez,Finanzas,62651,2025-06-22,elena.gómez371@empresa.com,True
372,Carlos,López,Producción,57952,2016-06-29,carlos.lópez372@empresa.com,False
373,Jorge,Díaz,Logística,22947,2020-04-25,jorge.díaz373@empresa.com,False
374,Carlos,Díaz,IT,25230,2025-09-12,carlos.díaz374@empresa.com,False
375,Luis,Díaz,RRHH,57589,2016-11-08,luis.díaz375@empresa.com,True
376,Jorge,Martínez,RRHH,53624,2020-06-02,jorge.martínez376@empresa.com,False
377,Jorge,Gómez,RRHH,61701,2020-10-24,jorge.gómez377@empresa.com,True
378,Juan,Díaz,Finanzas,40231,2019-03-29,juan.díaz378@empresa.com,True
379,María,Díaz,Logística,45899,2019-06-19,maría.díaz379@empresa.com,False
380,Elena,Díaz,Logística,21600,2016-05-14,elena.díaz380@empresa.com,True
381,Laura,Gómez,Producción,48166,2020-10-15,laura.gómez381@empresa.com,False
382,Elena,Morales,Producción,19186,2017-04-21,elena.morales382@empresa.com,False
383,Jorge,Gómez,Marketing,59765,2023-08-09,jorge.gómez383@empresa.com,True
384,Juan,López,Logística,34300,2021-09-20,juan.lópez384@empresa.com,False
385,Pablo,Ruiz,Marketing,64676,2018-06-16,pablo.ruiz385@empresa.com,False
386,Carlos,García,Finanzas,61887,2019-04-28,carlos.garcía386@empresa.com,False
387,Sara,Sánchez,Marketing,25689,2023-01-21,sara.sánchez387@empresa.com,True
388,Elena,López,IT,57451,2018-10-28,elena.lópez388@empresa.com,True
389,Ana,Martínez,RRHH,25180,2020-08-30,ana.martínez389@empresa.com,False
390,Elena,Fernández,Logística,56917,2019-11-26,elena.fernández390@empresa.com,True
391,Ana,Fernández,Ventas,36865,2024-01-08,ana.fernández391@empresa.com,True
392,Luis,Díaz,Producción,54405,2019-02-22,luis.díaz392@empresa.com,False
393,Luis,Fernández,Finanzas,20962,2016-02-05,luis.fernández393@empresa.com,True
394,María,Gómez,Marketing,54554,2022-06-21,maría.gómez394@empresa.com,False
395,María,Ruiz,IT,29149,2021-09-18,maría.ruiz395@empresa.com,False
396,Ana,Morales,RRHH,62757,2023-02-05,ana.morales396@empresa.com,False
397,María,Fernández,Logística,39765,2024-09-01,maría.fernández397@empresa.com,False
398,Pablo,Martínez,Marketing,56362,2023-03-24,pablo.martínez398@empresa.com,False
399,Carlos,Fernández,Ventas,32276,2017-10-08,carlos.fernández399@empresa.com,False
400,Ana,Fernández,IT,44661,2020-03-05,ana.fernández400@empresa.com,False
401,Laura,Pérez,IT,44444,2018-05-29,laura.pérez401@empresa.com,False
402,María,Gómez,Producción,51093,2024-08-26,maría.gómez402@empresa.com,True
403,Sara,López,Finanzas,29267,2022-08-01,sara.lópez403@empresa.com,True
404,Elena,López,Producción,47633,2017-04-25,elena.lópez404@empresa.com,False
405,Carlos,Fernández,Ventas,46044,2022-11-15,carlos.fernández405@empresa.com,False
406,Elena,Fernández,RRHH,47849,2015-12-22,elena.fernández406@empresa.com,True
407,Laura,Fernández,Marketing,58065,2023-10-19,laura.fernández407@empresa.com,True
408,Sara,Sánchez,Marketing,23948,2023-10-14,sara.sánchez408@empresa.com,False
409,María,Morales,Marketing,32542,2019-01-24,maría.morales409@empresa.com,False
410,María,Fernández,Producción,55524,2018-05-06,maría.fernández410@empresa.com,False
411,Pablo,Pérez,Ventas,49838,2020-10-29,pablo.pérez411@empresa.com,True
412,Laura,Ruiz,Ventas,59229,2018-12-25,laura.ruiz412@empresa.com,True
413,Laura,Sánchez,Marketing,22489,2017-07-01,laura.sánchez413@empresa.com,True
414,Pablo,Sánchez,Logística,24071,2016-05-14,pablo.sánchez414@empresa.com,True
415,Sara,Martínez,Marketing,23476,2021-10-29,sara.martínez415@empresa.com,False
416,Juan,López,Logística,39503,2021-11-03,juan.lópez416@empresa.com,False
417,Laura,Ruiz,Finanzas,62189,2017-03-10,laura.ruiz417@empresa.com,False
418,Luis,Pérez,Producción,31990,2018-09-02,luis.pérez418@empresa.com,False
419,Juan,Pérez,Ventas,19370,2016-08-22,juan.pérez419@empresa.com,True
420,Ana,Díaz,Ventas,63764,2016-09-21,ana.díaz420@empresa.com,False
421,Jorge,Pérez,RRHH,37759,2020-01-15,jorge.pérez421@empresa.com,True
422,Luis,Martínez,Producción,26422,2023-05-01,luis.martínez422@empresa.com,True
423,Elena,García,IT,24715,2020-02-21,elena.garcía423@empresa.com,True
424,María,Díaz,RRHH,41459,2021-09-30,maría.díaz424@empresa.com,False
425,Ana,Fernández,Finanzas,26165,2023-09-08,ana.fernández425@empresa.com,False
426,Elena,Sánchez,Marketing,46619,2023-05-17,elena.sánchez426@empresa.com,True
427,Sara,Ruiz,Finanzas,60607,2017-10-11,sara.ruiz427@empresa.com,True
428,María,Ruiz,IT,34754,2024-01-14,maría.ruiz428@empresa.com,False
429,Luis,López,Finanzas,51110,2016-09-10,luis.lópez429@empresa.com,True
430,Sara,Martínez,Finanzas,60916,2022-05-22,sara.martínez430@empresa.com,False
431,Ana,Pérez,Ventas,52708,2023-08-08,ana.pérez431@empresa.com,True
432,Ana,Díaz,Marketing,53611,2019-04-19,ana.díaz432@empresa.com,True
433,Juan,Pérez,Producción,58301,2017-02-28,juan.pérez433@empresa.com,True
434,Sara,Díaz,Ventas,36519,2016-01-01,sara.díaz434@empresa.com,False
435,Jorge,López,Producción,19868,2019-09-25,jorge.lópez435@empresa.com,False
436,Juan,Sánchez,Logística,36857,2016-09-26,juan.sánchez436@empresa.com,False
437,Laura,Sánchez,RRHH,62874,2019-06-28,laura.sánchez437@empresa.com,False
438,María,Pérez,Producción,19812,2019-11-25,maría.pérez438@empresa.com,False
439,Laura,Díaz,RRHH,24672,2017-05-25,laura.díaz439@empresa.com,True
440,Juan,Sánchez,Ventas,34992,2020-06-10,juan.sánchez440@empresa.com,True
441,Ana,García,Marketing,47941,2017-01-07,ana.garcía441@empresa.com,True
442,Pablo,Morales,Ventas,31731,2021-12-31,pablo.morales442@empresa.com,True
443,Elena,Pérez,Logística,19672,2016-11-12,elena.pérez443@empresa.com,False
444,Luis,López,Logística,57588,2024-06-06,luis.lópez444@empresa.com,True
445,Carlos,Fernández,RRHH,49760,2017-10-07,carlos.fernández445@empresa.com,True
446,Jorge,Morales,RRHH,21572,2023-04-16,jorge.morales446@empresa.com,True
447,Sara,Ruiz,Marketing,45116,2023-01-26,sara.ruiz447@empresa.com,True
448,Pablo,Díaz,Logística,35923,2018-04-17,pablo.díaz448@empresa.com,True
449,Sara,Martínez,Marketing,22641,2022-02-27,sara.martínez449@empresa.com,True
450,Elena,Morales,Marketing,32403,2021-02-14,elena.morales450@empresa.com,True
451,Juan,Martínez,Marketing,60195,2018-10-04,juan.martínez451@empresa.com,False
452,Jorge,Fernández,Finanzas,34062,2024-05-04,jorge.fernández452@empresa.com,False
453,Juan,García,Producción,56941,2016-07-10,juan.garcía453@empresa.com,False
454,Ana,Sánchez,IT,22966,2020-03-03,ana.sánchez454@empresa.com,True
455,Laura,Pérez,Ventas,19265,2021-11-16,laura.pérez455@empresa.com,False
456,Sara,Ruiz,Ventas,63637,2016-10-27,sara.ruiz456@empresa.com,True
457,Juan,Pérez,Logística,48527,2024-02-06,juan.pérez457@empresa.com,False
458,Jorge,Morales,IT,24152,2021-02-25,jorge.morales458@empresa.com,False
459,Elena,Martínez,Logística,19556,2018-11-16,elena.martínez459@empresa.com,True
460,María,García,RRHH,38585,2016-08-02,maría.garcía460@empresa.com,False
461,Luis,López,RRHH,40668,2021-02-01,luis.lópez461@empresa.com,False
462,Jorge,Ruiz,RRHH,31917,2016-02-13,jorge.ruiz462@empresa.com,True
463,Pablo,Martínez,IT,43745,2019-04-03,pablo.martínez463@empresa.com,False
464,Jorge,Ruiz,RRHH,57794,2016-06-16,jorge.ruiz464@empresa.com,False
465,Luis,López,Logística,60200,2021-09-20,luis.lópez465@empresa.com,False
466,Carlos,Pérez,Logística,60659,2023-12-07,carlos.pérez466@empresa.com,True
467,Jorge,Díaz,Producción,26696,2018-04-19,jorge.díaz467@empresa.com,True
468,Carlos,Sánchez,IT,63618,2019-02-01,carlos.sánchez468@empresa.com,True
469,Luis,Morales,RRHH,19687,2021-07-04,luis.morales469@empresa.com,False
470,Ana,López,Ventas,36981,2024-10-14,ana.lópez470@empresa.com,True
471,Elena,Martínez,RRHH,42081,2022-12-12,elena.martínez471@empresa.com,True
472,Carlos,Fernández,RRHH,48979,2016-05-08,carlos.fernández472@empresa.com,False
473,Juan,Fernández,RRHH,42603,2018-06-24,juan.fernández473@empresa.com,True
474,Sara,Sánchez,Ventas,18001,2023-03-22,sara.sánchez474@empresa.com,True
475,Elena,Gómez,Producción,62437,2016-01-17,elena.gómez475@empresa.com,False
476,Sara,López,IT,59291,2016-10-04,sara.lópez476@empresa.com,True
477,Ana,Díaz,Ventas,63508,2017-04-13,ana.díaz477@empresa.com,False
478,María,Díaz,Logística,40335,2024-11-25,maría.díaz478@empresa.com,True
479,Jorge,Pérez,Producción,20824,2021-02-20,jorge.pérez479@empresa.com,True
480,Carlos,Fernández,Finanzas,18808,2022-12-04,carlos.fernández480@empresa.com,True
481,Pablo,Sánchez,Finanzas,35858,2019-05-01,pablo.sánchez481@empresa.com,True
482,Pablo,Sánchez,Marketing,19954,2023-04-20,pablo.sánchez482@empresa.com,True
483,Jorge,López,Finanzas,59189,2019-10-18,jorge.lópez483@empresa.com,False
484,Juan,López,Logística,43361,2024-02-05,juan.lópez484@empresa.com,True
485,Juan,Sánchez,Finanzas,35494,2017-09-14,juan.sánchez485@empresa.com,False
486,María,Martínez,Logística,42246,2023-05-16,maría.martínez486@empresa.com,True
487,Laura,Ruiz,Finanzas,31888,2024-05-04,laura.ruiz487@empresa.com,False
488,Juan,Ruiz,Finanzas,37361,2023-07-16,juan.ruiz488@empresa.com,True
489,Ana,Fernández,IT,49178,2020-07-29,ana.fernández489@empresa.com,False
490,Laura,Martínez,Logística,53359,2021-01-19,laura.martínez490@empresa.com,True
491,María,Pérez,Marketing,64132,2018-04-07,maría.pérez491@empresa.com,True
492,Pablo,Gómez,Marketing,53217,2021-01-20,pablo.gómez492@empresa.com,True
493,Elena,Pérez,IT,38084,2019-11-24,elena.pérez493@empresa.com,False
494,Ana,Gómez,RRHH,30313,2019-05-25,ana.gómez494@empresa.com,False
495,Carlos,Díaz,Ventas,20679,2025-06-26,carlos.díaz495@empresa.com,False
496,Sara,Gómez,IT,63022,2025-05-25,sara.gómez496@empresa.com,True
497,Juan,Sánchez,Marketing,44289,2024-04-13,juan.sánchez497@empresa.com,True
498,Laura,Fernández,Producción,50680,2016-07-10,laura.fernández498@empresa.com,True
499,Juan,Morales,RRHH,25050,2024-07-04,juan.morales499@empresa.com,False
500,Carlos,Díaz,Producción,53217,2017-09-05,carlos.díaz500@empresa.com,True
501,Jorge,Díaz,IT,36488,2021-08-15,jorge.díaz501@empresa.com,True
502,Carlos,López,Finanzas,29477,2017-09-16,carlos.lópez502@empresa.com,False
503,Ana,Morales,Marketing,36556,2018-07-01,ana.morales503@empresa.com,False
504,Luis,Fernández,Logística,37636,2024-09-27,luis.fernández504@empresa.com,True
505,Elena,Ruiz,Logística,40592,2019-03-19,elena.ruiz505@empresa.com,True
506,María,Martínez,Marketing,30335,2017-11-09,maría.martínez506@empresa.com,False
507,Luis,Fernández,Producción,33321,2019-11-08,luis.fernández507@empresa.com,True
508,Laura,García,RRHH,28820,2020-11-15,laura.garcía508@empresa.com,False
509,María,Morales,Finanzas,37261,2024-04-21,maría.morales509@empresa.com,True
510,Pablo,García,RRHH,44520,2024-06-25,pablo.garcía510@empresa.com,False
511,María,Díaz,IT,23982,2023-09-06,maría.díaz511@empresa.com,False
512,Sara,Ruiz,Marketing,44426,2024-12-18,sara.ruiz512@empresa.com,False
513,Jorge,García,Marketing,52400,2017-01-27,jorge.garcía513@empresa.com,True
514,Juan,Pérez,Producción,39012,2017-08-09,juan.pérez514@empresa.com,False
515,Pablo,López,RRHH,53397,2016-06-30,pablo.lópez515@empresa.com,True
516,María,Martínez,Logística,26095,2017-03-02,maría.martínez516@empresa.com,True
517,Luis,Pérez,RRHH,62116,2015-12-22,luis.pérez517@empresa.com,False
518,Elena,Pérez,Ventas,30832,2019-05-10,elena.pérez518@empresa.com,True
519,Jorge,Díaz,RRHH,58332,2017-05-15,jorge.díaz519@empresa.com,True
520,Pablo,López,Marketing,20075,2019-08-26,pablo.lópez520@empresa.com,True
521,Sara,Díaz,Ventas,39969,2017-08-18,sara.díaz521@empresa.com,True
522,Laura,Ruiz,Finanzas,45301,2021-05-26,laura.ruiz522@empresa.com,True
523,María,García,IT,62287,2015-12-19,maría.garcía523@empresa.com,True
524,Jorge,Díaz,IT,41789,2016-03-04,jorge.díaz524@empresa.com,False
525,Carlos,Morales,Producción,37792,2025-06-16,carlos.morales525@empresa.com,False
526,Juan,Morales,Finanzas,52655,2016-05-19,juan.morales526@empresa.com,False
527,Ana,Gómez,Producción,32859,2017-04-07,ana.gómez527@empresa.com,True
528,Laura,Martínez,Finanzas,27736,2018-05-06,laura.martínez528@empresa.com,False
529,Juan,Sánchez,Producción,51654,2021-12-09,juan.sánchez529@empresa.com,False
530,María,Díaz,Finanzas,62519,2018-02-11,maría.díaz530@empresa.com,False
531,Luis,Sánchez,Producción,31973,2024-10-21,luis.sánchez531@empresa.com,True
532,Pablo,Díaz,RRHH,56975,2021-03-20,pablo.díaz532@empresa.com,True
533,Elena,Fernández,Producción,49220,2016-08-20,elena.fernández533@empresa.com,True
534,Luis,López,Producción,58694,2020-12-31,luis.lópez534@empresa.com,False
535,Luis,Gómez,Finanzas,21115,2018-07-27,luis.gómez535@empresa.com,False
536,Ana,Martínez,Ventas,44225,2017-07-02,ana.martínez536@empresa.com,True
537,Pablo,Díaz,Producción,38660,2021-08-17,pablo.díaz537@empresa.com,True
538,Ana,Morales,IT,31750,2017-06-01,ana.morales538@empresa.com,True
539,Laura,García,Logística,18614,2023-12-08,laura.garcía539@empresa.com,False
540,Ana,Gómez,Logística,58271,2023-04-10,ana.gómez540@empresa.com,True
541,Ana,García,Producción,33244,2017-04-07,ana.garcía541@empresa.com,False
542,María,López,IT,60134,2016-02-15,maría.lópez542@empresa.com,False
543,Jorge,Morales,Producción,33823,2022-04-28,jorge.morales543@empresa.com,True
544,Carlos,Díaz,Producción,21667,2019-07-10,carlos.díaz544@empresa.com,False
545,Laura,Morales,Marketing,52444,2020-10-29,laura.morales545@empresa.com,False
546,Ana,Pérez,IT,42232,2016-05-30,ana.pérez546@empresa.com,False
547,Pablo,Martínez,Logística,41089,2022-06-06,pablo.martínez547@empresa.com,True
548,Juan,Ruiz,Marketing,34461,2022-10-15,juan.ruiz548@empresa.com,True
549,Elena,Fernández,Logística,18245,2018-05-17,elena.fernández549@empresa.com,False
550,Pablo,Morales,Producción,60688,2024-02-02,pablo.morales550@empresa.com,True
551,Pablo,Gómez,RRHH,19767,2021-03-28,pablo.gómez551@empresa.com,False
552,Juan,Sánchez,Marketing,24639,2024-11-30,juan.sánchez552@empresa.com,False
553,Sara,Ruiz,RRHH,37552,2021-08-08,sara.ruiz553@empresa.com,False
554,Laura,Martínez,Marketing,44868,2016-06-15,laura.martínez554@empresa.com,False
555,Jorge,López,IT,43147,2023-07-27,jorge.lópez555@empresa.com,True
556,Juan,Sánchez,Finanzas,23145,2023-01-09,juan.sánchez556@empresa.com,False
557,Luis,Ruiz,Producción,45299,2025-10-09,luis.ruiz557@empresa.com,False
558,Laura,Pérez,Marketing,20879,2021-08-15,laura.pérez558@empresa.com,True
559,Laura,Ruiz,Ventas,64891,2023-05-13,laura.ruiz559@empresa.com,False
560,Carlos,Fernández,Logística,19892,2020-12-21,carlos.fernández560@empresa.com,True
561,Ana,Fernández,IT,45885,2024-01-15,ana.fernández561@empresa.com,False
562,Juan,García,Ventas,57752,2019-10-14,juan.garcía562@empresa.com,True
563,Luis,Pérez,Logística,60823,2020-04-08,luis.pérez563@empresa.com,True
564,Juan,Morales,Producción,24825,2022-08-02,juan.morales564@empresa.com,True
565,Sara,López,Ventas,32852,2017-11-25,sara.lópez565@empresa.com,False
566,Elena,Ruiz,Marketing,63759,2018-08-31,elena.ruiz566@empresa.com,False
567,Elena,Martínez,Ventas,50821,2021-05-10,elena.martínez567@empresa.com,False
568,Juan,Pérez,Marketing,56050,2016-02-15,juan.pérez568@empresa.com,False
569,Sara,Morales,IT,34908,2017-08-21,sara.morales569@empresa.com,False
570,Juan,Morales,Marketing,51660,2021-08-13,juan.morales570@empresa.com,False
571,María,López,Producción,61002,2022-02-17,maría.lópez571@empresa.com,False
572,Laura,López,IT,25106,2020-01-25,laura.lópez572@empresa.com,False
573,Juan,Morales,Finanzas,29374,2025-10-31,juan.morales573@empresa.com,True
574,Carlos,Pérez,Logística,40274,2017-11-21,carlos.pérez574@empresa.com,False
575,Sara,García,IT,38607,2017-05-05,sara.garcía575@empresa.com,True
576,Sara,Pérez,Finanzas,39083,2020-08-01,sara.pérez576@empresa.com,True
577,Sara,Martínez,RRHH,18852,2016-04-04,sara.martínez577@empresa.com,False
578,Juan,Díaz,RRHH,33319,2019-12-07,juan.díaz578@empresa.com,True
579,Elena,Gómez,Ventas,60073,2016-05-12,elena.gómez579@empresa.com,True
580,Laura,Morales,Logística,35617,2024-06-05,laura.morales580@empresa.com,False
581,Elena,Díaz,Producción,28084,2024-12-27,elena.díaz581@empresa.com,True
582,Elena,Díaz,Logística,32216,2022-10-26,elena.díaz582@empresa.com,False
583,Laura,Sánchez,Marketing,41336,2023-12-11,laura.sánchez583@empresa.com,False
584,Sara,García,Ventas,27747,2024-05-21,sara.garcía584@empresa.com,True
585,Ana,Gómez,Ventas,18933,2021-12-10,ana.gómez585@empresa.com,True
586,Luis,Sánchez,Marketing,58642,2019-07-09,luis.sánchez586@empresa.com,False
587,Ana,Gómez,Marketing,29393,2017-07-20,ana.gómez587@empresa.com,True
588,Ana,López,Marketing,49482,2024-06-19,ana.lópez588@empresa.com,False
589,Juan,Sánchez,Finanzas,53815,2016-05-18,juan.sánchez589@empresa.com,True
590,Laura,Sánchez,RRHH,28278,2023-10-04,laura.sánchez590@empresa.com,False
591,Sara,Díaz,Producción,25683,2023-04-24,sara.díaz591@empresa.com,False
592,Pablo,Pérez,Producción,49287,2019-07-31,pablo.pérez592@empresa.com,False
593,Carlos,García,Finanzas,48006,2018-04-18,carlos.garcía593@empresa.com,False
594,Luis,Gómez,RRHH,28241,2019-07-24,luis.gómez594@empresa.com,True
595,Jorge,Sánchez,Producción,30024,2017-05-19,jorge.sánchez595@empresa.com,True
596,Juan,López,Logística,42861,2017-03-06,juan.lópez596@empresa.com,True
597,Laura,López,Producción,50242,2021-09-01,laura.lópez597@empresa.com,False
598,Laura,Fernández,Logística,42334,2020-04-05,laura.fernández598@empresa.com,True
599,Jorge,García,RRHH,22176,2018-06-29,jorge.garcía599@empresa.com,False
600,Elena,López,RRHH,22856,2019-08-18,elena.lópez600@empresa.com,True
601,Ana,Fernández,Finanzas,44141,2023-05-26,ana.fernández601@empresa.com,False
602,María,Martínez,RRHH,50828,2021-09-10,maría.martínez602@empresa.com,True
603,Carlos,Morales,Finanzas,57662,2023-06-18,carlos.morales603@empresa.com,False
604,Juan,García,Producción,36741,2017-01-01,juan.garcía604@empresa.com,True
605,Sara,Morales,Marketing,50072,2019-09-10,sara.morales605@empresa.com,False
606,Luis,Fernández,RRHH,21122,2023-10-13,luis.fernández606@empresa.com,True
607,Juan,Ruiz,Ventas,34248,2016-08-05,juan.ruiz607@empresa.com,False
608,María,García,RRHH,54057,2021-02-06,maría.garcía608@empresa.com,True
609,Laura,Díaz,Producción,53255,2019-03-26,laura.díaz609@empresa.com,True
610,María,García,RRHH,18730,2022-09-30,maría.garcía610@empresa.com,False
611,Carlos,Sánchez,Producción,40386,2016-07-27,carlos.sánchez611@empresa.com,True
612,Luis,Pérez,IT,28332,2025-06-17,luis.pérez612@empresa.com,True
613,Ana,Sánchez,Producción,39289,2016-05-20,ana.sánchez613@empresa.com,True
614,Pablo,Ruiz,RRHH,51014,2022-07-14,pablo.ruiz614@empresa.com,True
615,Sara,Martínez,Logística,43510,2025-02-07,sara.martínez615@empresa.com,False
616,Sara,Fernández,IT,60675,2021-07-30,sara.fernández616@empresa.com,True
617,María,Díaz,Producción,19089,2019-01-27,maría.díaz617@empresa.com,False
618,Elena,López,IT,50801,2018-08-11,elena.lópez618@empresa.com,True
619,Juan,Díaz,Logística,27138,2025-10-25,juan.díaz619@empresa.com,True
620,Pablo,Morales,IT,36509,2025-08-15,pablo.morales620@empresa.com,True
621,Laura,Sánchez,Logística,42624,2018-11-13,laura.sánchez621@empresa.com,False
622,Sara,Fernández,RRHH,62717,2019-12-13,sara.fernández622@empresa.com,False
623,Elena,Pérez,Producción,31267,2019-05-14,elena.pérez623@empresa.com,True
624,Sara,Fernández,Producción,62394,2022-06-22,sara.fernández624@empresa.com,False
625,Luis,Fernández,Producción,50743,2020-09-28,luis.fernández625@empresa.com,True
626,Jorge,Ruiz,RRHH,47029,2023-03-13,jorge.ruiz626@empresa.com,True
627,Carlos,Sánchez,Producción,41459,2023-05-29,carlos.sánchez627@empresa.com,False
628,Elena,Ruiz,Ventas,18731,2019-05-24,elena.ruiz628@empresa.com,True
629,Elena,López,IT,21481,2021-05-22,elena.lópez629@empresa.com,False
630,Pablo,Gómez,Logística,59188,2017-04-24,pablo.gómez630@empresa.com,False
631,Pablo,Fernández,Logística,35814,2018-02-22,pablo.fernández631@empresa.com,True
632,Pablo,García,Marketing,24020,2024-11-12,pablo.garcía632@empresa.com,True
633,Ana,García,Marketing,42828,2018-02-20,ana.garcía633@empresa.com,True
634,Laura,Ruiz,Logística,20111,2021-02-03,laura.ruiz634@empresa.com,False
635,María,Sánchez,IT,27893,2025-11-23,maría.sánchez635@empresa.com,False
636,Carlos,Gómez,Finanzas,22412,2023-08-23,carlos.gómez636@empresa.com,False
637,Laura,Martínez,RRHH,50492,2022-11-20,laura.martínez637@empresa.com,False
638,Elena,Morales,Ventas,63690,2019-08-22,elena.morales638@empresa.com,False
639,Luis,García,Producción,37614,2025-06-08,luis.garcía639@empresa.com,True
640,María,López,IT,50093,2023-05-04,maría.lópez640@empresa.com,False
641,Juan,Díaz,Ventas,56654,2025-06-19,juan.díaz641@empresa.com,False
642,Jorge,Pérez,Finanzas,26427,2019-11-09,jorge.pérez642@empresa.com,True
643,Carlos,Sánchez,Finanzas,21539,2016-11-25,carlos.sánchez643@empresa.com,True
644,Luis,Fernández,IT,20309,2020-08-12,luis.fernández644@empresa.com,True
645,Ana,Sánchez,Ventas,39700,2019-05-30,ana.sánchez645@empresa.com,False
646,Carlos,Fernández,Marketing,45496,2021-10-03,carlos.fernández646@empresa.com,False
647,Jorge,García,Marketing,45975,2017-12-31,jorge.garcía647@empresa.com,True
648,Juan,Sánchez,Marketing,44599,2021-09-03,juan.sánchez648@empresa.com,True
649,Sara,Fernández,Marketing,44141,2017-06-01,sara.fernández649@empresa.com,False
650,Ana,García,Producción,35494,2018-08-27,ana.garcía650@empresa.com,False
651,Juan,Martínez,RRHH,52788,2016-12-20,juan.martínez651@empresa.com,False
652,Elena,Sánchez,RRHH,56309,2018-05-08,elena.sánchez652@empresa.com,True
653,Jorge,López,Ventas,19080,2016-02-22,jorge.lópez653@empresa.com,True
654,Laura,Gómez,Ventas,64948,2022-11-04,laura.gómez654@empresa.com,True
655,Juan,Martínez,Logística,24958,2017-05-03,juan.martínez655@empresa.com,True
656,Sara,López,Logística,40347,2023-04-23,sara.lópez656@empresa.com,False
657,Sara,Pérez,Marketing,24641,2015-12-17,sara.pérez657@empresa.com,True
658,Jorge,López,Ventas,26752,2019-08-09,jorge.lópez658@empresa.com,True
659,María,Pérez,Ventas,19056,2016-06-21,maría.pérez659@empresa.com,True
660,Elena,Fernández,Ventas,59593,2018-05-29,elena.fernández660@empresa.com,True
661,Ana,Ruiz,Marketing,22539,2022-07-15,ana.ruiz661@empresa.com,True
662,Pablo,Sánchez,Finanzas,56714,2021-04-18,pablo.sánchez662@empresa.com,False
663,Ana,Fernández,IT,38564,2018-01-27,ana.fernández663@empresa.com,False
664,Luis,Díaz,Marketing,38838,2017-01-11,luis.díaz664@empresa.com,False
665,Ana,García,Producción,28359,2017-06-17,ana.garcía665@empresa.com,True
666,Luis,Pérez,Logística,52618,2020-07-04,luis.pérez666@empresa.com,False
667,Jorge,García,Logística,46637,2019-10-21,jorge.garcía667@empresa.com,True
668,Sara,Díaz,Finanzas,43837,2016-09-25,sara.díaz668@empresa.com,True
669,Ana,López,Ventas,28654,2017-06-02,ana.lópez669@empresa.com,False
670,Pablo,Morales,Marketing,41173,2021-10-18,pablo.morales670@empresa.com,True
671,Sara,Morales,RRHH,62483,2025-10-06,sara.morales671@empresa.com,True
672,Elena,López,Ventas,25238,2018-09-27,elena.lópez672@empresa.com,False
673,Elena,Fernández,Finanzas,20321,2022-03-07,elena.fernández673@empresa.com,True
674,Carlos,Pérez,RRHH,29999,2025-10-21,carlos.pérez674@empresa.com,True
675,Carlos,Sánchez,IT,61893,2022-08-27,carlos.sánchez675@empresa.com,False
676,Elena,Pérez,Marketing,42064,2016-12-13,elena.pérez676@empresa.com,True
677,Laura,Ruiz,IT,21642,2019-06-26,laura.ruiz677@empresa.com,False
678,Elena,Pérez,RRHH,22739,2019-07-02,elena.pérez678@empresa.com,False
679,Elena,Pérez,Producción,24982,2025-01-01,elena.pérez679@empresa.com,False
680,Luis,García,IT,20190,2019-08-16,luis.garcía680@empresa.com,True
681,Luis,García,Marketing,41966,2016-12-23,luis.garcía681@empresa.com,True
682,Juan,Fernández,Finanzas,49867,2020-02-25,juan.fernández682@empresa.com,False
683,Jorge,Gómez,Marketing,47390,2024-06-10,jorge.gómez683@empresa.com,False
684,Pablo,Morales,Marketing,23659,2025-09-12,pablo.morales684@empresa.com,False
685,Pablo,Martínez,Ventas,32798,2024-01-05,pablo.martínez685@empresa.com,True
686,Pablo,Sánchez,IT,47282,2019-10-25,pablo.sánchez686@empresa.com,True
687,Juan,Pérez,Logística,29642,2022-07-25,juan.pérez687@empresa.com,True
688,María,Ruiz,Ventas,49857,2020-10-18,maría.ruiz688@empresa.com,True
689,Pablo,García,RRHH,60810,2016-12-14,pablo.garcía689@empresa.com,False
690,Ana,Martínez,RRHH,49593,2015-12-16,ana.martínez690@empresa.com,True
691,Luis,Sánchez,RRHH,62881,2023-03-22,luis.sánchez691@empresa.com,False
692,Ana,Pérez,RRHH,41983,2025-08-02,ana.pérez692@empresa.com,True
693,Jorge,Ruiz,IT,64869,2023-05-12,jorge.ruiz693@empresa.com,False
694,Carlos,Díaz,Finanzas,57525,2020-11-12,carlos.díaz694@empresa.com,False
695,Carlos,Martínez,Logística,21119,2020-03-26,carlos.martínez695@empresa.com,True
696,Ana,Ruiz,Finanzas,40985,2024-05-15,ana.ruiz696@empresa.com,False
697,Elena,Morales,Marketing,47675,2016-02-20,elena.morales697@empresa.com,False
698,Luis,Gómez,Finanzas,26702,2015-12-18,luis.gómez698@empresa.com,False
699,Jorge,Díaz,Marketing,26004,2018-12-12,jorge.díaz699@empresa.com,True
700,Ana,Díaz,Ventas,53848,2017-02-09,ana.díaz700@empresa.com,True
701,Ana,Martínez,Marketing,43591,2022-07-06,ana.martínez701@empresa.com,False
702,Elena,Pérez,Ventas,53223,2019-04-18,elena.pérez702@empresa.com,True
703,Sara,Gómez,Logística,53303,2018-02-12,sara.gómez703@empresa.com,False
704,Luis,Gómez,RRHH,45559,2016-07-05,luis.gómez704@empresa.com,True
705,Laura,Martínez,Marketing,64210,2017-10-04,laura.martínez705@empresa.com,True
706,Jorge,Fernández,Marketing,62131,2019-05-26,jorge.fernández706@empresa.com,True
707,Sara,Díaz,Marketing,32584,2022-09-03,sara.díaz707@empresa.com,True
708,Sara,Díaz,Logística,44399,2022-06-17,sara.díaz708@empresa.com,False
709,Pablo,Martínez,Producción,20325,2017-02-06,pablo.martínez709@empresa.com,True
710,Jorge,Sánchez,RRHH,23582,2025-06-03,jorge.sánchez710@empresa.com,False
711,Pablo,Martínez,Ventas,46633,2019-03-15,pablo.martínez711@empresa.com,False
712,Pablo,Pérez,Producción,41961,2016-10-12,pablo.pérez712@empresa.com,True
713,Pablo,Ruiz,RRHH,44107,2021-07-12,pablo.ruiz713@empresa.com,True
714,Luis,Martínez,Logística,58874,2024-06-04,luis.martínez714@empresa.com,True
715,Carlos,Fernández,Marketing,48753,2023-06-26,carlos.fernández715@empresa.com,True
716,María,Ruiz,Logística,39697,2025-08-20,maría.ruiz716@empresa.com,True
717,Juan,Fernández,Finanzas,35407,2018-12-10,juan.fernández717@empresa.com,False
718,Pablo,Pérez,Ventas,33383,2016-05-19,pablo.pérez718@empresa.com,True
719,María,Díaz,RRHH,59223,2023-09-10,maría.díaz719@empresa.com,False
720,María,Ruiz,Producción,58973,2019-07-13,maría.ruiz720@empresa.com,False
721,Elena,Díaz,Producción,32735,2016-10-13,elena.díaz721@empresa.com,True
722,Ana,Pérez,Logística,58870,2024-04-18,ana.pérez722@empresa.com,False
723,Juan,García,IT,46878,2019-09-01,juan.garcía723@empresa.com,True
724,María,Sánchez,RRHH,45866,2024-12-04,maría.sánchez724@empresa.com,True
725,Pablo,Gómez,Marketing,61003,2024-03-29,pablo.gómez725@empresa.com,True
726,Jorge,Ruiz,RRHH,34387,2018-05-12,jorge.ruiz726@empresa.com,True
727,Elena,Díaz,Producción,47102,2020-10-21,elena.díaz727@empresa.com,True
728,Juan,Sánchez,Producción,25946,2022-11-13,juan.sánchez728@empresa.com,False
729,Laura,Sánchez,Producción,63825,2022-01-05,laura.sánchez729@empresa.com,True
730,Sara,Sánchez,Logística,50436,2022-03-26,sara.sánchez730@empresa.com,False
731,Elena,Morales,RRHH,21634,2017-05-27,elena.morales731@empresa.com,True
732,Luis,García,Producción,57102,2020-03-10,luis.garcía732@empresa.com,False
733,Luis,Sánchez,Ventas,51693,2017-09-30,luis.sánchez733@empresa.com,True
734,Sara,Martínez,Finanzas,22738,2019-06-08,sara.martínez734@empresa.com,True
735,Carlos,Martínez,Ventas,57686,2018-08-20,carlos.martínez735@empresa.com,False
736,Ana,Martínez,Marketing,44453,2017-12-19,ana.martínez736@empresa.com,True
737,Laura,Gómez,IT,60724,2019-12-23,laura.gómez737@empresa.com,True
738,Carlos,Díaz,IT,41974,2023-08-26,carlos.díaz738@empresa.com,False
739,Elena,López,Logística,41483,2025-05-10,elena.lópez739@empresa.com,False
740,Sara,Ruiz,RRHH,21509,2022-07-30,sara.ruiz740@empresa.com,True
741,Luis,Gómez,Ventas,56272,2025-04-18,luis.gómez741@empresa.com,True
742,Luis,López,Logística,64263,2016-12-18,luis.lópez742@empresa.com,True
743,Laura,Ruiz,IT,22169,2021-04-06,laura.ruiz743@empresa.com,True
744,Pablo,Morales,RRHH,36540,2023-07-25,pablo.morales744@empresa.com,False
745,Luis,Díaz,Marketing,63017,2023-11-29,luis.díaz745@empresa.com,False
746,Ana,Pérez,Finanzas,19008,2018-10-12,ana.pérez746@empresa.com,True
747,Juan,Gómez,RRHH,18845,2024-05-23,juan.gómez747@empresa.com,False
748,Elena,Morales,Ventas,58619,2019-11-22,elena.morales748@empresa.com,True
749,María,Morales,IT,58121,2020-10-27,maría.morales749@empresa.com,True
750,Carlos,Gómez,Logística,54774,2023-04-10,carlos.gómez750@empresa.com,True
751,Laura,Díaz,Logística,55913,2024-04-07,laura.díaz751@empresa.com,False
752,María,Díaz,Finanzas,58892,2017-04-28,maría.díaz752@empresa.com,True
753,Laura,López,IT,59753,2021-10-15,laura.lópez753@empresa.com,True
754,Sara,García,Marketing,21711,2024-06-10,sara.garcía754@empresa.com,False
755,Luis,Fernández,Finanzas,44811,2020-10-01,luis.fernández755@empresa.com,False
756,Carlos,Díaz,Marketing,34100,2017-08-15,carlos.díaz756@empresa.com,False
757,Sara,Fernández,IT,23755,2018-01-26,sara.fernández757@empresa.com,False
758,Sara,Sánchez,Ventas,22837,2020-04-20,sara.sánchez758@empresa.com,True
759,Sara,Morales,Producción,29994,2022-03-28,sara.morales759@empresa.com,False
760,María,López,Finanzas,32044,2020-05-23,maría.lópez760@empresa.com,True
761,Pablo,Gómez,Producción,51912,2016-05-09,pablo.gómez761@empresa.com,False
762,Ana,García,RRHH,36513,2025-08-01,ana.garcía762@empresa.com,False
763,Luis,Sánchez,Marketing,60955,2020-01-28,luis.sánchez763@empresa.com,True
764,Carlos,García,RRHH,47900,2024-05-29,carlos.garcía764@empresa.com,True
765,Jorge,Ruiz,Logística,41368,2020-07-14,jorge.ruiz765@empresa.com,False
766,Ana,Díaz,Marketing,18290,2020-11-28,ana.díaz766@empresa.com,False
767,Elena,Fernández,Marketing,32341,2018-10-22,elena.fernández767@empresa.com,True
768,María,Sánchez,Finanzas,59943,2023-05-31,maría.sánchez768@empresa.com,True
769,Pablo,Díaz,Producción,54125,2024-07-24,pablo.díaz769@empresa.com,True
770,Pablo,López,RRHH,53719,2019-01-05,pablo.lópez770@empresa.com,False
771,Ana,Fernández,IT,62964,2024-04-04,ana.fernández771@empresa.com,False
772,Elena,Sánchez,Marketing,45123,2023-10-03,elena.sánchez772@empresa.com,False
773,María,Fernández,RRHH,48223,2016-08-17,maría.fernández773@empresa.com,True
774,Sara,Díaz,Marketing,41159,2016-10-14,sara.díaz774@empresa.com,True
775,Laura,López,RRHH,54601,2018-02-16,laura.lópez775@empresa.com,True
776,Sara,Gómez,Logística,51654,2025-06-27,sara.gómez776@empresa.com,False
777,Ana,Sánchez,Finanzas,57393,2019-09-09,ana.sánchez777@empresa.com,False
778,Pablo,Morales,Ventas,18898,2017-09-30,pablo.morales778@empresa.com,True
779,Carlos,Martínez,Producción,54555,2016-01-30,carlos.martínez779@empresa.com,True
780,Juan,Martínez,Logística,45602,2025-06-27,juan.martínez780@empresa.com,True
781,María,Pérez,Logística,37210,2021-11-01,maría.pérez781@empresa.com,True
782,Carlos,Martínez,Marketing,23161,2020-08-26,carlos.martínez782@empresa.com,True
783,Juan,García,Marketing,29862,2023-02-23,juan.garcía783@empresa.com,True
784,Sara,Ruiz,Producción,27645,2024-02-19,sara.ruiz784@empresa.com,True
785,Carlos,Morales,Producción,30840,2019-05-08,carlos.morales785@empresa.com,True
786,Luis,Díaz,Finanzas,19299,2016-01-03,luis.díaz786@empresa.com,True
787,Elena,Morales,Logística,59773,2016-11-23,elena.morales787@empresa.com,True
788,María,Pérez,Logística,41032,2025-03-29,maría.pérez788@empresa.com,True
789,Juan,Pérez,Marketing,48846,2019-11-29,juan.pérez789@empresa.com,False
790,Carlos,Gómez,RRHH,52572,2017-08-28,carlos.gómez790@empresa.com,False
791,Carlos,Ruiz,IT,34786,2024-08-21,carlos.ruiz791@empresa.com,True
792,Ana,Díaz,RRHH,37402,2021-07-10,ana.díaz792@empresa.com,False
793,Laura,Gómez,IT,34615,2024-02-10,laura.gómez793@empresa.com,True
794,María,Morales,Logística,64992,2025-04-24,maría.morales794@empresa.com,True
795,Sara,Ruiz,Logística,61831,2018-06-10,sara.ruiz795@empresa.com,False
796,Laura,García,Marketing,31222,2016-12-14,laura.garcía796@empresa.com,False
797,María,Morales,IT,44822,2018-10-03,maría.morales797@empresa.com,False
798,Luis,López,Ventas,57085,2024-08-18,luis.lópez798@empresa.com,True
799,Elena,Morales,Logística,59844,2018-12-16,elena.morales799@empresa.com,True
800,María,Gómez,IT,44653,2016-11-29,maría.gómez800@empresa.com,False
801,Carlos,Fernández,Producción,53508,2017-10-14,carlos.fernández801@empresa.com,False
802,Sara,Díaz,Producción,31826,2023-12-23,sara.díaz802@empresa.com,True
803,Carlos,Sánchez,Ventas,43745,2025-07-28,carlos.sánchez803@empresa.com,True
804,Sara,García,Marketing,31625,2024-02-01,sara.garcía804@empresa.com,False
805,Luis,Ruiz,Marketing,34572,2025-08-27,luis.ruiz805@empresa.com,False
806,Juan,Díaz,Ventas,55321,2023-03-22,juan.díaz806@empresa.com,True
807,Juan,Pérez,Marketing,33812,2021-11-26,juan.pérez807@empresa.com,False
808,Pablo,Díaz,IT,56479,2016-02-17,pablo.díaz808@empresa.com,False
809,Jorge,Gómez,RRHH,61884,2015-12-27,jorge.gómez809@empresa.com,False
810,María,Pérez,IT,25615,2020-05-25,maría.pérez810@empresa.com,True
811,María,Sánchez,Ventas,30324,2022-01-08,maría.sánchez811@empresa.com,True
812,Juan,Fernández,RRHH,61385,2023-05-10,juan.fernández812@empresa.com,False
813,Ana,Sánchez,RRHH,59947,2017-09-21,ana.sánchez813@empresa.com,False
814,Juan,Sánchez,IT,29992,2018-01-06,juan.sánchez814@empresa.com,False
815,Sara,Morales,Logística,21260,2024-03-02,sara.morales815@empresa.com,False
816,Laura,Sánchez,IT,29158,2023-06-24,laura.sánchez816@empresa.com,True
817,Juan,Díaz,Marketing,18902,2025-04-18,juan.díaz817@empresa.com,True
818,Juan,López,RRHH,35242,2021-07-03,juan.lópez818@empresa.com,True
819,Jorge,Pérez,IT,45948,2018-11-23,jorge.pérez819@empresa.com,False
820,Pablo,López,Producción,32478,2024-07-22,pablo.lópez820@empresa.com,False
821,Ana,Díaz,RRHH,29318,2021-06-19,ana.díaz821@empresa.com,False
822,Juan,Ruiz,Producción,51003,2020-04-25,juan.ruiz822@empresa.com,True
823,Juan,Fernández,Logística,50381,2023-07-08,juan.fernández823@empresa.com,True
824,Elena,García,Marketing,46701,2017-11-13,elena.garcía824@empresa.com,False
825,Luis,Díaz,Marketing,37473,2018-02-16,luis.díaz825@empresa.com,True
826,Carlos,Sánchez,Producción,44602,2021-01-08,carlos.sánchez826@empresa.com,True
827,Laura,Morales,Marketing,54750,2019-07-25,laura.morales827@empresa.com,False
828,Jorge,Martínez,Producción,34549,2022-06-10,jorge.martínez828@empresa.com,True
829,María,García,Producción,43759,2020-11-06,maría.garcía829@empresa.com,False
830,Sara,Sánchez,RRHH,27900,2025-08-06,sara.sánchez830@empresa.com,True
831,Laura,Pérez,Finanzas,38927,2020-03-26,laura.pérez831@empresa.com,False
832,María,Morales,Ventas,26651,2019-05-04,maría.morales832@empresa.com,True
833,Luis,Sánchez,Ventas,60658,2018-08-28,luis.sánchez833@empresa.com,False
834,Laura,López,Finanzas,41953,2016-02-12,laura.lópez834@empresa.com,False
835,Pablo,Morales,Finanzas,57913,2025-09-17,pablo.morales835@empresa.com,False
836,Elena,García,Logística,50470,2018-09-01,elena.garcía836@empresa.com,False
837,Juan,García,Logística,54698,2023-10-28,juan.garcía837@empresa.com,True
838,Elena,Fernández,IT,27757,2017-07-23,elena.fernández838@empresa.com,True
839,Luis,López,IT,63143,2024-08-19,luis.lópez839@empresa.com,False
840,Luis,Fernández,Ventas,45140,2023-05-27,luis.fernández840@empresa.com,True
841,Luis,Morales,Finanzas,32594,2020-10-18,luis.morales841@empresa.com,True
842,Juan,Sánchez,Logística,20949,2020-04-28,juan.sánchez842@empresa.com,False
843,Pablo,Fernández,IT,63502,2022-10-26,pablo.fernández843@empresa.com,True
844,Elena,Pérez,IT,19887,2021-10-28,elena.pérez844@empresa.com,False
845,María,Morales,Producción,62154,2024-05-05,maría.morales845@empresa.com,False
846,Juan,Pérez,RRHH,22950,2020-03-30,juan.pérez846@empresa.com,False
847,Elena,Ruiz,IT,52102,2023-11-05,elena.ruiz847@empresa.com,True
848,Laura,Ruiz,Ventas,61219,2017-06-24,laura.ruiz848@empresa.com,True
849,Sara,Gómez,Ventas,57548,2022-07-11,sara.gómez849@empresa.com,True
850,Pablo,Sánchez,RRHH,22231,2016-12-09,pablo.sánchez850@empresa.com,False
851,Jorge,Fernández,RRHH,20857,2018-08-01,jorge.fernández851@empresa.com,True
852,Elena,Sánchez,IT,55062,2017-01-16,elena.sánchez852@empresa.com,False
853,Elena,Morales,Producción,20113,2016-01-24,elena.morales853@empresa.com,False
854,Luis,García,Logística,62306,2019-06-20,luis.garcía854@empresa.com,True
855,Jorge,Fernández,Producción,47121,2024-07-20,jorge.fernández855@empresa.com,True
856,Jorge,García,RRHH,60149,2019-09-08,jorge.garcía856@empresa.com,False
857,Pablo,Morales,Finanzas,40456,2021-08-23,pablo.morales857@empresa.com,False
858,Sara,Martínez,Finanzas,56854,2016-02-11,sara.martínez858@empresa.com,True
859,Elena,Sánchez,Ventas,28832,2024-05-10,elena.sánchez859@empresa.com,True
860,Jorge,Morales,Finanzas,40506,2016-02-22,jorge.morales860@empresa.com,False
861,Ana,Fernández,Logística,54208,2025-10-24,ana.fernández861@empresa.com,False
862,Juan,Morales,IT,27070,2021-02-25,juan.morales862@empresa.com,False
863,María,Fernández,Marketing,53658,2021-09-15,maría.fernández863@empresa.com,False
864,Laura,Sánchez,Marketing,58612,2016-06-13,laura.sánchez864@empresa.com,False
865,María,Fernández,Ventas,47035,2018-11-16,maría.fernández865@empresa.com,False
866,Jorge,Fernández,RRHH,30636,2019-05-20,jorge.fernández866@empresa.com,True
867,Carlos,Sánchez,IT,20623,2020-03-28,carlos.sánchez867@empresa.com,True
868,Carlos,García,Ventas,30249,2020-02-17,carlos.garcía868@empresa.com,True
869,Luis,Díaz,Producción,49477,2025-11-12,luis.díaz869@empresa.com,False
870,Sara,García,Marketing,40587,2021-12-12,sara.garcía870@empresa.com,True
871,Laura,Morales,Logística,47324,2024-10-12,laura.morales871@empresa.com,True
872,Elena,Díaz,Finanzas,55114,2023-01-15,elena.díaz872@empresa.com,False
873,Juan,Sánchez,IT,28861,2022-05-19,juan.sánchez873@empresa.com,True
874,Ana,Pérez,RRHH,29805,2019-11-13,ana.pérez874@empresa.com,False
875,Carlos,Díaz,Marketing,18734,2024-06-17,carlos.díaz875@empresa.com,True
876,Carlos,Gómez,Ventas,27953,2023-06-03,carlos.gómez876@empresa.com,False
877,Luis,Gómez,Producción,33693,2021-10-07,luis.gómez877@empresa.com,True
878,Carlos,Fernández,Finanzas,44895,2019-02-14,carlos.fernández878@empresa.com,False
879,Juan,López,RRHH,25144,2022-02-17,juan.lópez879@empresa.com,True
880,Juan,Fernández,IT,43679,2025-07-07,juan.fernández880@empresa.com,False
881,Jorge,García,RRHH,63694,2019-11-11,jorge.garcía881@empresa.com,True
882,Elena,Díaz,IT,40181,2017-02-25,elena.díaz882@empresa.com,False
883,Carlos,López,IT,45920,2024-10-14,carlos.lópez883@empresa.com,True
884,Pablo,López,Producción,52187,2023-07-04,pablo.lópez884@empresa.com,False
885,Elena,García,RRHH,34623,2022-01-18,elena.garcía885@empresa.com,True
886,Juan,Ruiz,Finanzas,33113,2024-06-22,juan.ruiz886@empresa.com,True
887,Sara,Díaz,Logística,26423,2021-10-30,sara.díaz887@empresa.com,False
888,Juan,Díaz,Marketing,48303,2025-04-20,juan.díaz888@empresa.com,False
889,Sara,López,Ventas,20788,2022-02-09,sara.lópez889@empresa.com,True
890,Elena,Ruiz,Finanzas,61778,2018-08-14,elena.ruiz890@empresa.com,False
891,Laura,López,Finanzas,47062,2016-02-18,laura.lópez891@empresa.com,False
892,Jorge,García,Marketing,46869,2024-10-09,jorge.garcía892@empresa.com,True
893,Luis,López,Finanzas,61312,2025-04-09,luis.lópez893@empresa.com,False
894,Jorge,Ruiz,Finanzas,41137,2018-10-20,jorge.ruiz894@empresa.com,False
895,Laura,Morales,Ventas,52018,2020-06-26,laura.morales895@empresa.com,True
896,Pablo,López,Logística,36486,2025-11-12,pablo.lópez896@empresa.com,False
897,María,Fernández,Producción,41562,2023-10-04,maría.fernández897@empresa.com,False
898,Ana,Díaz,Finanzas,63582,2020-01-11,ana.díaz898@empresa.com,True
899,Sara,Fernández,Marketing,21592,2021-04-15,sara.fernández899@empresa.com,True
900,Ana,Gómez,Ventas,59800,2019-09-10,ana.gómez900@empresa.com,False
901,Elena,Martínez,Marketing,41037,2025-03-28,elena.martínez901@empresa.com,False
902,Carlos,Fernández,Finanzas,62382,2019-12-07,carlos.fernández902@empresa.com,True
903,Jorge,Fernández,Ventas,58658,2024-08-14,jorge.fernández903@empresa.com,False
904,Sara,Ruiz,Logística,28800,2022-09-13,sara.ruiz904@empresa.com,True
905,Juan,García,Marketing,56725,2017-07-30,juan.garcía905@empresa.com,False
906,Laura,Gómez,Marketing,59509,2017-05-21,laura.gómez906@empresa.com,False
907,Laura,Ruiz,Marketing,19451,2016-03-08,laura.ruiz907@empresa.com,True
908,Jorge,Sánchez,Producción,23811,2018-10-10,jorge.sánchez908@empresa.com,False
909,Elena,Ruiz,Logística,40838,2022-02-06,elena.ruiz909@empresa.com,True
910,Juan,López,Ventas,24618,2025-06-25,juan.lópez910@empresa.com,True
911,Luis,Díaz,IT,28656,2022-10-18,luis.díaz911@empresa.com,False
912,Laura,Fernández,Marketing,22597,2021-05-27,laura.fernández912@empresa.com,True
913,Ana,Gómez,Marketing,52513,2019-11-25,ana.gómez913@empresa.com,False
914,Carlos,Gómez,Producción,58452,2017-04-15,carlos.gómez914@empresa.com,True
915,Ana,Díaz,RRHH,44240,2018-09-17,ana.díaz915@empresa.com,True
916,Elena,Ruiz,Ventas,51276,2016-07-23,elena.ruiz916@empresa.com,False
917,Sara,García,Finanzas,19450,2020-02-09,sara.garcía917@empresa.com,True
918,Elena,García,Producción,51964,2024-12-09,elena.garcía918@empresa.com,True
919,Elena,Morales,IT,39104,2018-09-17,elena.morales919@empresa.com,True
920,Sara,Gómez,Finanzas,18680,2016-06-14,sara.gómez920@empresa.com,False
921,Sara,Díaz,Marketing,64832,2025-11-22,sara.díaz921@empresa.com,False
922,Pablo,López,Finanzas,51044,2020-11-17,pablo.lópez922@empresa.com,True
923,Sara,Fernández,Producción,34553,2020-09-13,sara.fernández923@empresa.com,False
924,Carlos,Díaz,Producción,38826,2021-08-29,carlos.díaz924@empresa.com,True
925,Jorge,Díaz,Producción,57208,2023-08-13,jorge.díaz925@empresa.com,True
926,Laura,Ruiz,IT,21328,2019-03-20,laura.ruiz926@empresa.com,True
927,María,López,RRHH,36550,2016-11-06,maría.lópez927@empresa.com,True
928,Luis,Ruiz,Ventas,21787,2016-01-02,luis.ruiz928@empresa.com,True
929,María,Gómez,Marketing,35734,2023-01-13,maría.gómez929@empresa.com,True
930,Ana,Ruiz,Finanzas,64746,2020-12-20,ana.ruiz930@empresa.com,False
931,Laura,Fernández,Logística,21540,2022-02-13,laura.fernández931@empresa.com,True
932,Carlos,Sánchez,RRHH,23525,2017-01-17,carlos.sánchez932@empresa.com,False
933,Ana,Sánchez,IT,42652,2024-12-16,ana.sánchez933@empresa.com,True
934,Luis,García,RRHH,57724,2024-09-06,luis.garcía934@empresa.com,True
935,Pablo,Ruiz,RRHH,33400,2024-02-28,pablo.ruiz935@empresa.com,False
936,Ana,García,RRHH,29806,2020-04-21,ana.garcía936@empresa.com,False
937,Luis,García,Finanzas,19747,2022-08-30,luis.garcía937@empresa.com,False
938,Sara,Fernández,IT,30779,2024-05-09,sara.fernández938@empresa.com,True
939,Elena,García,Marketing,19044,2016-03-23,elena.garcía939@empresa.com,False
940,María,Fernández,Marketing,41107,2023-07-13,maría.fernández940@empresa.com,True
941,Jorge,Fernández,Ventas,21071,2018-01-15,jorge.fernández941@empresa.com,False
942,Sara,Díaz,Ventas,46212,2018-12-26,sara.díaz942@empresa.com,False
943,Laura,Morales,Logística,61241,2016-12-06,laura.morales943@empresa.com,False
944,Luis,Ruiz,Finanzas,56393,2023-06-20,luis.ruiz944@empresa.com,False
945,Laura,García,Logística,36287,2020-07-01,laura.garcía945@empresa.com,True
946,Laura,Morales,Ventas,52412,2023-12-30,laura.morales946@empresa.com,True
947,Luis,Martínez,Logística,19760,2020-05-21,luis.martínez947@empresa.com,False
948,Pablo,Díaz,Logística,61727,2016-03-26,pablo.díaz948@empresa.com,False
949,María,Sánchez,IT,37647,2023-09-06,maría.sánchez949@empresa.com,True
950,Luis,Fernández,Logística,53107,2017-11-17,luis.fernández950@empresa.com,True
951,Carlos,Gómez,Marketing,40466,2025-01-25,carlos.gómez951@empresa.com,False
952,Carlos,Morales,Logística,21204,2019-05-10,carlos.morales952@empresa.com,True
953,Laura,Fernández,RRHH,31555,2023-05-22,laura.fernández953@empresa.com,True
954,Ana,Fernández,Logística,22593,2025-03-04,ana.fernández954@empresa.com,True
955,Pablo,Morales,Producción,45367,2023-09-04,pablo.morales955@empresa.com,False
956,Carlos,Sánchez,IT,36324,2018-02-13,carlos.sánchez956@empresa.com,True
957,María,López,Ventas,51828,2018-12-05,maría.lópez957@empresa.com,True
958,Luis,Martínez,IT,49722,2020-04-19,luis.martínez958@empresa.com,False
959,Ana,García,RRHH,25936,2016-10-28,ana.garcía959@empresa.com,True
960,Sara,Sánchez,Producción,64220,2022-06-15,sara.sánchez960@empresa.com,False
961,Juan,Díaz,Marketing,27164,2021-03-05,juan.díaz961@empresa.com,True
962,Juan,Gómez,Marketing,33149,2024-12-12,juan.gómez962@empresa.com,False
963,Laura,Sánchez,Ventas,49391,2016-06-06,laura.sánchez963@empresa.com,True
964,Pablo,Sánchez,Producción,56489,2016-03-05,pablo.sánchez964@empresa.com,False
965,Sara,García,Producción,55801,2021-07-24,sara.garcía965@empresa.com,True
966,María,Ruiz,Logística,43506,2016-02-14,maría.ruiz966@empresa.com,False
967,Carlos,Ruiz,Marketing,49962,2024-10-24,carlos.ruiz967@empresa.com,True
968,Sara,Martínez,Finanzas,51106,2022-06-02,sara.martínez968@empresa.com,False
969,Luis,Pérez,Ventas,44678,2023-06-24,luis.pérez969@empresa.com,True
970,Ana,Morales,RRHH,33916,2021-12-31,ana.morales970@empresa.com,True
971,Sara,Gómez,Logística,60800,2023-04-20,sara.gómez971@empresa.com,False
972,María,García,Producción,61075,2016-02-24,maría.garcía972@empresa.com,True
973,Sara,Fernández,IT,37600,2020-09-11,sara.fernández973@empresa.com,False
974,Jorge,García,IT,41447,2019-03-29,jorge.garcía974@empresa.com,False
975,Laura,Gómez,IT,22468,2017-09-21,laura.gómez975@empresa.com,False
976,Laura,Pérez,Producción,56639,2017-10-28,laura.pérez976@empresa.com,True
977,Luis,Ruiz,Producción,24661,2021-01-13,luis.ruiz977@empresa.com,False
978,Juan,García,Producción,64546,2021-06-01,juan.garcía978@empresa.com,True
979,Jorge,Martínez,IT,63336,2018-09-07,jorge.martínez979@empresa.com,False
980,Juan,Pérez,Marketing,18625,2016-02-18,juan.pérez980@empresa.com,True
981,Jorge,Ruiz,IT,64255,2024-06-22,jorge.ruiz981@empresa.com,True
982,Sara,Díaz,Logística,55008,2020-04-06,sara.díaz982@empresa.com,True
983,Laura,Pérez,Marketing,46637,2016-05-03,laura.pérez983@empresa.com,False
984,Sara,Pérez,RRHH,60840,2020-05-21,sara.pérez984@empresa.com,False
985,Carlos,Gómez,Logística,60072,2023-07-05,carlos.gómez985@empresa.com,True
986,Ana,Morales,RRHH,49493,2023-03-19,ana.morales986@empresa.com,True
987,Ana,Ruiz,Logística,51309,2022-10-29,ana.ruiz987@empresa.com,False
988,María,Pérez,Producción,19115,2021-02-16,maría.pérez988@empresa.com,False
989,Elena,López,Logística,27394,2024-09-05,elena.lópez989@empresa.com,True
990,Luis,Gómez,Finanzas,47883,2023-01-10,luis.gómez990@empresa.com,False
991,Pablo,Martínez,Finanzas,22424,2022-07-15,pablo.martínez991@empresa.com,False
992,Carlos,Díaz,RRHH,24410,2022-11-24,carlos.díaz992@empresa.com,True
993,Carlos,Pérez,IT,49902,2018-06-08,carlos.pérez993@empresa.com,False
994,María,Fernández,IT,33365,2019-10-17,maría.fernández994@empresa.com,False
995,Jorge,Gómez,Producción,58938,2017-01-02,jorge.gómez995@empresa.com,True
996,Sara,Ruiz,Finanzas,38472,2022-01-05,sara.ruiz996@empresa.com,True
997,María,López,Finanzas,52397,2020-06-15,maría.lópez997@empresa.com,True
998,Ana,Martínez,Ventas,26807,2020-09-06,ana.martínez998@empresa.com,True
999,Sara,Pérez,Finanzas,30388,2024-08-09,sara.pérez999@empresa.com,True
1000,Laura,Gómez,Logística,26170,2025-04-15,laura.gómez1000@empresa.com,False
